n_threads,train_time,build_time,query_time,qps
1,0.03651838302612305,0.021897268295288087,0.3115382194519043,821.7290336010335
2,0.019630908966064453,0.012334489822387695,0.16351032257080078,1565.6503881530216
4,0.01072835922241211,0.007368659973144532,0.08997397422790528,2845.267225292823
8,0.007451152801513672,0.005163955688476563,0.06261739730834961,4088.320674514271
