n_threads,train_time,build_time,query_time,qps
1,0.01482377052307129,0.014772129058837891,0.13477482795715331,1899.4644911094656
2,0.008530712127685547,0.01116194725036621,0.07414741516113281,3452.581582833007
4,0.005301189422607422,0.00917954444885254,0.04789004325866699,5345.5788005301065
8,0.004396867752075195,0.008422756195068359,0.03814883232116699,6710.559260236064
