n_threads,train_time,build_time,query_time,qps
1,0.08131065368652343,0.05033292770385742,0.30265107154846194,845.8585614457606
2,0.04185791015625,0.02747659683227539,0.1578378200531006,1621.9179909724753
4,0.022302770614624025,0.01670970916748047,0.082710599899292,3095.129285867885
8,0.014114189147949218,0.015942811965942383,0.06505017280578614,3935.4238268407657
