n_threads,train_time,build_time,query_time,qps
1,0.03681058883666992,0.02229466438293457,0.5493031978607178,466.04498389414397
2,0.020966196060180665,0.012665987014770508,0.35452775955200194,722.0873206755198
4,0.011598968505859375,0.007647657394409179,0.22290592193603515,1148.466571800912
8,0.007403373718261719,0.005282354354858398,0.37152581214904784,689.050374506142
