n_threads,train_time,build_time,query_time,qps
1,0.037993335723876955,0.022193002700805663,0.5478268623352051,467.30092589610615
2,0.020627975463867188,0.012542247772216797,0.3523385047912598,726.5740091383575
4,0.011517763137817383,0.0076140880584716795,0.2245121955871582,1140.249861841549
8,0.008333826065063476,0.005234861373901367,0.36318130493164064,704.8820975192688
