n_threads,train_time,build_time,query_time,qps
1,0.1346454620361328,0.04802107810974121,0.21160364151000977,472.5816592115196
2,0.06811094284057617,0.027408361434936523,0.13796448707580566,724.8242074429938
4,0.03964519500732422,0.01478886604309082,0.08408141136169434,1189.323518486487
8,0.02820754051208496,0.014325618743896484,0.14782381057739258,676.481005390166
