n_threads,train_time,build_time,query_time,qps
1,0.014964532852172852,0.013399410247802734,0.21749610900878907,1177.0325509117727
2,0.008521366119384765,0.00909423828125,0.11625828742980956,2201.9935581328677
4,0.0062407970428466795,0.008132600784301757,0.07012004852294922,3650.881672111438
8,0.004807186126708984,0.007486486434936523,0.04569520950317383,5602.337811411481
