n_threads,train_time,build_time,query_time,qps
1,0.08172321319580078,0.0475672721862793,0.5765391826629639,444.0287975182664
2,0.04205942153930664,0.025127744674682616,0.2969158172607422,862.1972462153769
4,0.022300863265991212,0.013776063919067383,0.15244641304016113,1679.2786061326237
8,0.01389622688293457,0.008829689025878907,0.08870506286621094,2885.9683058464316
