n_threads,train_time,build_time,query_time,qps
1,0.0633237361907959,0.023238658905029297,0.11298704147338867,885.0572481230297
2,0.03201627731323242,0.013556718826293945,0.05945014953613281,1682.081555391575
4,0.017342567443847656,0.007762908935546875,0.03388643264770508,2951.0335608245973
8,0.011878728866577148,0.005349636077880859,0.02529001235961914,3954.130135565737
