n_threads,train_time,build_time,query_time,qps
1,0.014818477630615234,0.014878559112548827,0.12775077819824218,2003.9016874147112
2,0.009348249435424805,0.011583471298217773,0.12417101860046387,2061.672706605659
4,0.005680894851684571,0.007565593719482422,0.1399925708770752,1828.6684671630803
8,0.004543733596801758,0.007233476638793946,0.3449770450592041,742.07836047777
