n_threads,train_time,build_time,query_time,qps
1,36.88890242576599,49.06030488014221,46.98189902305603,2.1284793096789407
2,18.367950677871704,24.867060661315918,23.67841076850891,4.223256407604642
4,9.26094937324524,12.853257417678833,11.941949367523193,8.373842236507521
8,4.7003748416900635,6.8716607093811035,6.339083909988403,15.775150072147087
16,2.5018343925476074,3.8641984462738037,3.45661997795105,28.9299953821583
32,1.2901983261108398,2.3610620498657227,2.0754833221435547,48.181548332906004
64,0.6879582405090332,1.6075291633605957,1.778728723526001,56.219927568138935
128,1.6463491916656494,1.386667251586914,2.2899720668792725,43.668654935288345
