n_threads,train_time,build_time,query_time,qps
1,8.32026982307434,8.860653638839722,33.33875012397766,7.678752174211879
2,4.280186414718628,4.808980941772461,19.363384246826172,13.220829413740557
4,2.2379801273345947,2.857877254486084,11.966742038726807,21.39262291871355
8,1.200751781463623,1.8463256359100342,9.105818748474121,28.11389146559703
16,0.6577677726745605,1.333902359008789,10.11975908279419,25.297044910412556
32,0.4262988567352295,1.0832335948944092,15.82369327545166,16.178271124425148
64,0.30800938606262207,0.9854395389556885,30.58273458480835,8.370736086077969
128,0.7971930503845215,0.9681801795959473,63.262407064437866,4.046637045271504
