n_threads,train_time,build_time,query_time,qps
1,22.657344341278076,28.934475421905518,45.63508343696594,2.191296530401359
2,11.495397090911865,14.859033584594727,23.468335390090942,4.261060630751984
4,5.843756914138794,7.877776861190796,12.619816064834595,7.924045761542617
8,3.009002447128296,4.3714659214019775,7.248979806900024,13.795044635772589
16,1.6629350185394287,2.588458776473999,5.271618127822876,18.969507573436275
32,0.8734428882598877,1.7143235206604004,6.392596483230591,15.643095925470265
64,0.5348536968231201,1.321213722229004,12.62313199043274,7.921964222174933
128,2.1662566661834717,1.2130379676818848,25.79100203514099,3.8773212403204456
