n_threads,train_time,build_time,query_time,qps
1,7.941263198852539,8.780336618423462,12.789008140563965,7.819214664726161
2,4.046335458755493,4.857250928878784,7.46189546585083,13.401420652118137
4,2.0459959506988525,2.8988845348358154,4.675479173660278,21.38818210620181
8,1.0833230018615723,1.9255304336547852,3.5907046794891357,27.849686600856135
16,0.7084152698516846,1.413788080215454,4.035009145736694,24.7830912863377
32,0.4126555919647217,1.1648001670837402,6.203516483306885,16.11988946415975
64,0.2888343334197998,1.0514609813690186,12.42048954963684,8.051212442179775
128,0.4042174816131592,1.0203585624694824,25.021117687225342,3.996624021758049
