n_threads,train_time,build_time,query_time,qps
1,22.817079067230225,28.910873413085938,46.099294900894165,2.169230575326226
2,11.470399856567383,14.861432313919067,23.73456311225891,4.213264829313414
4,5.807213306427002,7.848299026489258,12.670206069946289,7.892531459073886
8,2.972615957260132,4.557599782943726,7.411460876464844,13.492616592978429
16,1.6573877334594727,2.734050989151001,5.29997992515564,18.867995994732638
32,0.8714499473571777,1.779442310333252,6.452298641204834,15.498352689596999
64,0.5229449272155762,1.3624775409698486,12.287277936935425,8.138499064906888
128,0.6466588973999023,1.172551155090332,25.61753487586975,3.90357622169939
