n_threads,train_time,build_time,query_time,qps
1,7.917322397232056,8.730791807174683,13.243905305862427,7.550642932771114
2,3.973644256591797,4.843649864196777,6.722305774688721,14.875848161582704
4,2.032813787460327,2.8768012523651123,4.554879188537598,21.954479111466025
8,1.0862488746643066,1.9009318351745605,2.155177593231201,46.39988848903752
16,0.7013471126556396,1.4662864208221436,1.6001136302947998,62.49556163181756
32,0.38164710998535156,1.1722526550292969,1.5450143814086914,64.72431661692586
64,0.2714555263519287,1.0765795707702637,1.3286185264587402,75.26614901760928
128,0.23010873794555664,1.059345006942749,2.66717267036438,37.49288567295433
