n_threads,train_time,build_time,query_time,qps
1,36.73703098297119,49.91519832611084,26.214738845825195,3.8146479577051142
2,18.430241107940674,25.934858322143555,13.234315156936646,7.5561144505151
4,9.29751992225647,14.214590311050415,7.745063066482544,12.911450706290434
8,4.730273485183716,7.989489555358887,4.125005006790161,24.24239481779785
16,2.512484550476074,4.984053134918213,2.349120616912842,42.56912109154174
32,1.304006814956665,3.4890711307525635,2.3119442462921143,43.2536382139749
64,0.7085862159729004,2.7409231662750244,1.9607532024383545,51.00080921741805
128,2.3276736736297607,2.445530652999878,1.910322904586792,52.34717113001913
