n_threads,train_time,build_time,query_time,qps
1,22.543189764022827,28.786540269851685,45.72792410850525,2.186847576170647
2,11.350969076156616,14.732091665267944,23.411952018737793,4.271322609920132
4,5.75192666053772,7.850472450256348,12.664973974227905,7.895791985320388
8,3.0003058910369873,4.475649356842041,7.6568992137908936,13.06011705363567
16,1.641369342803955,2.6171281337738037,5.2870917320251465,18.91398997189262
32,0.8706042766571045,1.7539865970611572,6.466705322265625,15.463825088130777
64,0.5189497470855713,1.4327809810638428,12.663385152816772,7.8967826369678535
128,0.4968550205230713,1.110008716583252,25.262606143951416,3.958419785756856
