n_threads,train_time,build_time,query_time,qps
1,8.30331301689148,8.695392608642578,35.75267004966736,7.160304381305413
2,4.260653018951416,4.750191688537598,17.604225873947144,14.541962926007423
4,2.18807053565979,2.819744825363159,12.736963987350464,20.09898122144671
8,1.2371337413787842,1.8967058658599854,11.24556016921997,22.764539618105747
16,0.6834616661071777,1.375408411026001,7.132620811462402,35.891435527961605
32,0.44098448753356934,1.1251170635223389,6.1201252937316895,41.82920899710966
64,0.30458831787109375,1.0674257278442383,4.629674196243286,55.29546770434283
128,1.961193323135376,1.0090172290802002,5.5687713623046875,45.97064295598087
