n_threads,train_time,build_time,query_time,qps
1,34.7975959777832,28.96467900276184,82.98911261558533,3.084741985202566
2,17.654229879379272,14.771179914474487,47.22965168952942,5.4203236916259945
4,8.819024801254272,7.725353956222534,24.133266925811768,10.607763995938521
8,4.537033796310425,4.29836106300354,13.626639366149902,18.786730397806863
16,2.3336427211761475,2.5651750564575195,9.666538000106812,26.48311111973814
32,1.3298943042755127,1.6898534297943115,9.92650842666626,25.789531323248532
64,0.7863643169403076,1.3209693431854248,10.127468347549438,25.27778821070764
128,0.6944653987884521,1.1286873817443848,13.42508578300476,19.06877945793676
