n_threads,train_time,build_time,query_time,qps
1,55.495107650756836,48.848674297332764,122.67520952224731,2.0868111902720985
2,28.11868381500244,25.169742345809937,62.81811046600342,4.075257885041685
4,14.172338247299194,12.937645673751831,31.458881616592407,8.137606515070056
8,7.1450371742248535,6.871647119522095,15.816481828689575,16.185647527229516
16,3.692188262939453,3.9343960285186768,8.030049085617065,31.880253441854
32,2.0388152599334717,2.422908306121826,6.336745738983154,40.39928546053354
64,1.0897929668426514,1.6649909019470215,5.028262138366699,50.91222234550305
128,1.0572738647460938,1.5127711296081543,5.89122462272644,43.45446259381025
