n_threads,train_time,build_time,query_time,qps
1,22.60559916496277,28.843305826187134,31.533203840255737,3.171260380219868
2,11.49960470199585,14.873691082000732,16.06088423728943,6.226307251989561
4,5.796440601348877,7.87958288192749,9.911337852478027,10.089455277220527
8,3.0316200256347656,4.377314805984497,6.465295314788818,15.467197572747903
16,1.6684484481811523,2.591742753982544,3.6288681030273438,27.556802055323004
32,0.8900563716888428,1.7276580333709717,4.079613924026489,24.51212341713507
64,0.5068645477294922,1.3998637199401855,5.169128894805908,19.345619355803436
128,2.074765205383301,1.2921206951141357,4.705462455749512,21.251896267456555
