n_threads,train_time,build_time,query_time,qps
1,34.33460831642151,28.624139308929443,119.8540153503418,2.1359317771014497
2,17.54884433746338,14.680859804153442,61.687963247299194,4.149918177290577
4,8.927204132080078,7.75974178314209,32.88602018356323,7.784462776920371
8,4.52721381187439,4.3175208568573,18.89680552482605,13.547263301391071
16,2.342761754989624,2.575545310974121,13.540096282958984,18.90680794657208
32,1.323173999786377,1.7050483226776123,16.36979913711548,15.63855474680612
64,0.8002209663391113,1.3066623210906982,31.4028537273407,8.15212535213369
128,3.1566474437713623,1.200679063796997,65.25679469108582,3.922963136817537
