n_threads,train_time,build_time,query_time,qps
1,36.83084225654602,48.84975790977478,45.752959966659546,2.1856509408980447
2,18.41251254081726,25.023797035217285,23.44013285636902,4.266187423627532
4,9.206543922424316,12.97092318534851,12.587478160858154,7.944403058506079
8,4.670900583267212,6.936222791671753,7.2297608852386475,13.831716095088959
16,2.498685121536255,3.958608627319336,5.2369794845581055,19.09497646398322
32,1.2835001945495605,2.4606659412384033,6.31285285949707,15.840698686578726
64,0.6845240592956543,1.7046961784362793,12.035638809204102,8.308657445213981
128,0.6490333080291748,1.4672224521636963,25.53391122817993,3.9163604473425613
