n_threads,train_time,build_time,query_time,qps
1,55.56577730178833,49.02952218055725,120.04104328155518,2.1326039244723516
2,28.232561588287354,25.052073001861572,61.83767795562744,4.139870843528385
4,14.189718246459961,12.815180778503418,33.106343030929565,7.732657145515356
8,7.186256170272827,6.895241737365723,18.873161554336548,13.564235078630906
16,3.646855354309082,3.830477237701416,13.628139734268188,18.78466210294892
32,1.9944648742675781,2.345332622528076,16.640151977539062,15.384474874120725
64,1.0856685638427734,1.5963561534881592,31.489084005355835,8.129801424406569
128,1.027312994003296,1.5415384769439697,67.08046460151672,3.8163122679715564
