n_threads,train_time,build_time,query_time,qps
1,34.40581679344177,28.73779559135437,83.44276428222656,3.067971227968156
2,17.451539516448975,14.731038331985474,41.79940700531006,6.124488798787949
4,8.817125082015991,7.8125,26.709452152252197,9.584621898671687
8,4.5325798988342285,4.325115203857422,14.50525164604187,17.64878033466287
16,2.3139514923095703,2.5840532779693604,9.311976909637451,27.491477103540948
32,1.330179214477539,1.7237217426300049,10.734107255935669,23.849212039356043
64,0.7891957759857178,1.320943832397461,10.395648002624512,24.625689513089476
128,3.1990926265716553,1.2115099430084229,12.947184562683105,19.772638503806725
