n_threads,train_time,build_time,query_time,qps
1,22.706467628479004,28.909592390060425,31.352599620819092,3.1895281797812043
2,11.446945905685425,14.76836085319519,15.971250534057617,6.261250475456304
4,5.820059061050415,8.035605669021606,10.677184820175171,9.365764635922018
8,3.0380194187164307,4.452866792678833,6.723095893859863,14.874099905570143
16,1.6829302310943604,2.652296781539917,4.124656915664673,24.244440700078293
32,0.8960855007171631,1.7339305877685547,3.7218713760375977,26.868204163052685
64,0.5095336437225342,1.380000352859497,5.322015762329102,18.789872947733713
128,2.1045572757720947,1.2587850093841553,4.826663494110107,20.71824566225266
