n_threads,train_time,build_time,query_time,qps
1,0.18931841850280762,0.8223936557769775,1.94569993019104,51.39538653844811
2,0.10033082962036133,0.4906270503997803,1.0386013984680176,96.28332885696511
4,0.05170631408691406,0.34073400497436523,0.7650265693664551,130.71441438016126
8,0.03046250343322754,0.27196550369262695,0.7037756443023682,142.09073702618258
