n_threads,train_time,build_time,query_time,qps
1,1.4374959468841553,4.544114589691162,4.924693584442139,20.305831882802885
2,0.7301270961761475,2.3369147777557373,2.8478643894195557,35.11403154290705
4,0.37188172340393066,1.2250440120697021,1.581439733505249,63.23351935666291
8,0.2917201519012451,0.7105474472045898,1.3862879276275635,72.13508680778597
