n_threads,train_time,build_time,query_time,qps
1,1.4375836849212646,4.650270462036133,2.713029623031616,36.859162594862184
2,0.7281181812286377,2.4256441593170166,1.4014616012573242,71.35407770736265
4,0.3758697509765625,1.3081841468811035,0.8207502365112305,121.83974557847317
8,0.2682030200958252,0.7973959445953369,0.7203643321990967,138.81864430284102
