n_threads,train_time,build_time,query_time,qps
1,0.17306089401245117,0.7920374870300293,3.15783953666687,81.06808374126902
2,0.08877921104431152,0.47404956817626953,2.1461076736450195,119.28572044346741
4,0.04807758331298828,0.31168317794799805,1.8118672370910645,141.2907053891021
8,0.028443098068237305,0.2352142333984375,1.6946160793304443,151.0666652597487
