n_threads,train_time,build_time,query_time,qps
1,0.5068726539611816,1.6561334133148193,6.8245978355407715,14.652878075719775
2,0.255922794342041,0.856450080871582,3.7912116050720215,26.376792017152603
4,0.13414359092712402,0.4807469844818115,2.490017890930176,40.16035401361868
8,0.07413840293884277,0.29886937141418457,2.188525915145874,45.69285623164969
