n_threads,train_time,build_time,query_time,qps
1,0.4973928928375244,1.6933832168579102,12.620697021484375,20.2841411662294
2,0.24710440635681152,0.8749630451202393,7.380064964294434,34.68804153331389
4,0.12918519973754883,0.4766104221343994,4.074464797973633,62.83033789549914
8,0.07223129272460938,0.29210805892944336,3.477919578552246,73.60722242650739
