n_threads,train_time,build_time,query_time,qps
1,0.5047497749328613,1.6232054233551025,4.9895336627960205,20.041953168016565
2,0.2532079219818115,0.8365669250488281,2.8655238151550293,34.89763353950344
4,0.13469266891479492,0.45873093605041504,1.5958685874938965,62.66180109293144
8,0.07774710655212402,0.27800631523132324,1.404707670211792,71.18918912496768
