n_threads,train_time,build_time,query_time,qps
1,0.4931793212890625,1.7212958335876465,17.347432613372803,14.757226945655031
2,0.2482140064239502,0.8863544464111328,9.751044750213623,26.253597081932337
4,0.12694764137268066,0.47823071479797363,6.232356548309326,41.07595546173398
8,0.07367229461669922,0.292435884475708,5.579222202301025,45.884532057966524
