n_threads,train_time,build_time,query_time,qps
1,1.4529333114624023,4.53877592086792,5.076785326004028,19.69750414455887
2,0.72817063331604,2.3273870944976807,2.600308418273926,38.45697660217537
4,0.372420072555542,1.2197649478912354,1.3607172966003418,73.4906510337181
8,0.2129065990447998,0.7183670997619629,0.832266092300415,120.15387978091984
