n_threads,train_time,build_time,query_time,qps
1,0.18238115310668945,0.7919085025787354,1.170325756072998,85.44629517131006
2,0.09627056121826172,0.47961902618408203,1.0445127487182617,95.73841977774957
4,0.05050778388977051,0.32001399993896484,0.9296982288360596,107.56178391906319
8,0.03001880645751953,0.24335360527038574,1.1963367462158203,83.58850492247599
