n_threads,train_time,build_time,query_time,qps
1,0.03840184211730957,0.01117410659790039,0.10908894538879395,2346.708908841439
2,0.02055211067199707,0.007677268981933594,0.05573883056640625,4592.848421801856
4,0.011379718780517578,0.005249547958374024,0.02878098487854004,8894.761630998988
8,0.0064542293548583984,0.0037113189697265624,0.015050506591796875,17009.394231256654
16,0.004414272308349609,0.0031590938568115236,0.008322000503540039,30761.83423578284
32,0.003692626953125,0.0027440547943115234,0.005156517028808594,49645.91381542445
64,0.0036561012268066405,0.0025804996490478515,0.003941679000854492,64946.94264664966
128,0.005061817169189453,0.0023323535919189454,0.0035793304443359373,71521.75636789939
