n_threads,train_time,build_time,query_time,qps
1,0.017934322357177734,0.013914346694946289,0.05399894714355469,1851.887958743951
2,0.012253761291503906,0.005798816680908203,0.057451725006103516,1740.5917749097398
4,0.005143404006958008,0.003977775573730469,0.08277058601379395,1208.1586565465989
8,0.003215312957763672,0.0028259754180908203,0.15456414222717285,646.9805904465446
16,0.0026111602783203125,0.002538919448852539,0.31470465660095215,317.7582469864777
32,0.007065296173095703,0.002185344696044922,0.8187565803527832,122.1364229609151
64,0.006472110748291016,0.0022153854370117188,2.03397274017334,49.16486736763137
128,0.46546053886413574,0.025790929794311523,4.554787874221802,21.954919254518583
