n_threads,train_time,build_time,query_time,qps
1,0.049181127548217775,0.013794660568237305,0.16372928619384766,1563.5565630995802
2,0.025334548950195313,0.007866907119750976,0.08222455978393554,3113.4249994490756
4,0.013385915756225586,0.004687786102294922,0.04132213592529297,6195.22670519324
8,0.007521963119506836,0.0031793594360351564,0.021195602416992188,12077.977071072475
16,0.004814529418945312,0.002380084991455078,0.010755205154418945,23802.42834278418
32,0.003713560104370117,0.001989459991455078,0.0058746814727783205,43576.830707542955
64,0.003611135482788086,0.0018610000610351563,0.003748178482055664,68299.84250365754
128,0.004902362823486328,0.0022559165954589844,0.00574336051940918,44573.20746884521
