n_threads,train_time,build_time,query_time,qps
1,0.014047336578369141,0.005724859237670898,0.08582835197448731,2982.697373428499
2,0.008261442184448242,0.005064487457275391,0.044664525985717775,5731.617975344914
4,0.005034303665161133,0.003691959381103516,0.022299432754516603,11480.112647625483
8,0.003545665740966797,0.003110790252685547,0.011492776870727538,22274.860364864475
16,0.003064584732055664,0.0030429840087890627,0.006398916244506836,40006.77461902455
32,0.0031092166900634766,0.0028330802917480467,0.004379653930664062,58452.106959324105
64,0.0035277366638183593,0.002742290496826172,0.0032407760620117186,78993.42475428169
128,0.03209843635559082,0.006487703323364258,0.004235219955444336,60445.50287663676
