n_threads,train_time,build_time,query_time,qps
1,0.006691694259643555,0.005861759185791016,0.020433902740478516,4893.827736681213
2,0.004027366638183594,0.0024673938751220703,0.010221481323242188,9783.3177831685
4,0.003473043441772461,0.0017130374908447266,0.005630970001220703,17758.929629943264
8,0.002334117889404297,0.0031347274780273438,0.003695249557495117,27061.771727208208
16,0.0023789405822753906,0.0028040409088134766,0.0033712387084960938,29662.6874115983
32,0.0023221969604492188,0.0028700828552246094,0.0033867359161376953,29526.955297430482
64,0.0031816959381103516,0.002812623977661133,0.0030088424682617188,33235.372424722664
128,0.27154970169067383,0.003949403762817383,0.004680156707763672,21366.805909322466
