n_threads,train_time,build_time,query_time,qps
1,0.04930415153503418,0.013864517211914062,0.14051051139831544,1821.9277508306695
2,0.02549128532409668,0.007854270935058593,0.14659857749938965,1746.265239177139
4,0.013555145263671875,0.004902887344360352,0.22421607971191407,1141.7557577891994
8,0.007939386367797851,0.0035008907318115233,0.4167949199676514,614.210941006356
16,0.0054891109466552734,0.002937602996826172,0.8486167430877686,301.66739235961916
32,0.006338691711425782,0.003025531768798828,2.0551308155059815,124.56627970758726
64,0.005293560028076172,0.003066682815551758,5.162805795669556,49.58544057859527
128,0.21582770347595215,0.00839695930480957,11.489479541778564,22.281252955725385
