n_threads,train_time,build_time,query_time,qps
1,0.04881448745727539,0.014633941650390624,0.10292882919311523,2487.155464672511
2,0.026085424423217773,0.009447479248046875,0.05248050689697266,4878.00166455266
4,0.01382741928100586,0.00599522590637207,0.02628326416015625,9740.03831640058
8,0.007666778564453125,0.004164314270019532,0.013398218154907226,19107.018339318318
16,0.0048732757568359375,0.0034949779510498047,0.007126379013061524,35922.87184428341
32,0.003872585296630859,0.0031443119049072267,0.0058782100677490234,43550.67223686879
64,0.0037638664245605467,0.003126192092895508,0.003207683563232422,79808.37104206927
128,0.004723930358886718,0.0034926891326904296,0.003529787063598633,72525.6213441405
