n_threads,train_time,build_time,query_time,qps
1,0.037952423095703125,0.011157894134521484,0.13921098709106444,1838.9353121427002
2,0.02079010009765625,0.006398630142211914,0.14853525161743164,1723.4965923062848
4,0.012136602401733398,0.004589366912841797,0.2250986099243164,1137.2793465320526
8,0.0073333740234375,0.003621816635131836,0.42609825134277346,600.8004003613279
16,0.00621190071105957,0.003811168670654297,0.8574861049652099,298.54711174636054
32,0.006146717071533203,0.004051589965820312,2.1803720474243162,117.4111548083796
64,0.010448360443115234,0.00468602180480957,5.225881862640381,48.986947414585416
128,0.48592214584350585,0.017113447189331055,11.594849681854248,22.0787683345853
