n_threads,train_time,build_time,query_time,qps
1,0.018368244171142578,0.012779712677001953,0.041223764419555664,2425.7852578005263
2,0.009790182113647461,0.0056743621826171875,0.021414518356323242,4669.729121900711
4,0.005273103713989258,0.004106998443603516,0.011152267456054688,8966.786386180947
8,0.0035288333892822266,0.002830982208251953,0.006104469299316406,16381.44039993751
16,0.0025081634521484375,0.002266407012939453,0.0038285255432128906,26119.71602939345
32,0.002826213836669922,0.001997232437133789,0.004181385040283203,23915.520583875015
64,0.0034966468811035156,0.0018198490142822266,0.006799936294555664,14706.020125521545
128,0.46463489532470703,0.014332056045532227,0.021465301513671875,4658.6813577394705
