n_threads,train_time,build_time,query_time,qps
1,0.006067752838134766,0.006496906280517578,0.018387794494628906,5438.390124993517
2,0.0040132999420166016,0.0026078224182128906,0.04092717170715332,2443.3645382468935
4,0.002406597137451172,0.0022859573364257812,0.08431696891784668,1186.00088788099
8,0.0018794536590576172,0.0025124549865722656,0.17560911178588867,569.4465337420814
16,0.0017955303192138672,0.0024671554565429688,0.36534881591796875,273.7110280451897
32,0.0021021366119384766,0.0025246143341064453,1.0087778568267822,99.12985234882198
64,0.0030972957611083984,0.0025243759155273438,2.3639121055603027,42.302757266136865
128,0.45287179946899414,0.016735076904296875,4.566322326660156,21.899461502346632
