n_threads,train_time,build_time,query_time,qps
1,37.76964020729065,46.86909365653992,7.110019207000732,14.06465961463748
2,18.873608350753784,24.330795288085938,3.549436330795288,28.173487472472555
4,9.441787481307983,13.022788047790527,1.858729600906372,53.800186940175166
8,4.780045032501221,7.736384868621826,1.1203935146331787,89.25435455839853
16,2.4517033100128174,4.604321479797363,0.5423672199249268,184.3769245749066
32,1.2510621547698975,3.200521945953369,0.45993518829345703,217.42193801487528
64,0.6524808406829834,2.488614797592163,0.4476020336151123,223.41274723963568
128,0.36591672897338867,2.2476565837860107,0.6124191284179688,163.28686574229798
