n_threads,train_time,build_time,query_time,qps
1,21.97205400466919,26.93207836151123,12.37055230140686,8.083713448156017
2,11.047881841659546,13.732819557189941,6.357628107070923,15.72913645086923
4,5.582827091217041,7.292195558547974,3.49788498878479,28.588704408700778
8,2.874584197998047,4.101958990097046,1.9900431632995605,50.250166350259725
16,1.474118709564209,2.4284915924072266,1.3872768878936768,72.0836632345483
32,0.7743129730224609,1.6001784801483154,1.4929070472717285,66.98340675847764
64,0.4546520709991455,1.2307145595550537,2.6497433185577393,37.739504539794524
128,0.3691716194152832,1.099888563156128,5.274052858352661,18.960750429648666
