n_threads,train_time,build_time,query_time,qps
1,5.417324542999268,8.15027642250061,8.732101678848267,29.317111666267895
2,2.7407455444335938,4.506447792053223,4.5807201862335205,55.88640859779191
4,1.3971362113952637,2.6982972621917725,2.5349254608154297,100.9891627810036
8,0.7944703102111816,1.8340775966644287,1.4757330417633057,173.47310980725476
16,0.40692615509033203,1.3222205638885498,1.0657026767730713,240.21709392263463
32,0.23091793060302734,1.0617718696594238,1.0642647743225098,240.541645440595
64,0.15934514999389648,0.9208559989929199,1.0493645668029785,243.95716045562344
128,0.12153434753417969,0.8959455490112305,1.599968433380127,160.00315672426674
