n_threads,train_time,build_time,query_time,qps
1,21.874189376831055,26.853025436401367,8.164708375930786,12.247834876110916
2,11.087437868118286,13.761178016662598,4.1125571727752686,24.31577137990697
4,5.582703351974487,7.287539720535278,2.161456823348999,46.265092561533685
8,2.8419079780578613,4.058279275894165,1.1754260063171387,85.07553811347208
16,1.4614787101745605,2.420900344848633,0.7296023368835449,137.06096450724698
32,0.7635722160339355,1.6066455841064453,0.8723921775817871,114.6273460144878
64,0.43903517723083496,1.2273836135864258,1.2294270992279053,81.33869837650494
128,2.4155402183532715,1.1358568668365479,2.33894419670105,42.75433340438152
