n_threads,train_time,build_time,query_time,qps
1,37.88080096244812,45.83905267715454,31.783676385879517,8.054448984817022
2,19.18627691268921,23.388437271118164,16.383390188217163,15.625581583481646
4,9.603148460388184,12.09297513961792,8.85350751876831,28.91509375886478
8,4.82324481010437,6.409257888793945,5.102593898773193,50.17056130246806
16,2.4511656761169434,3.589031457901001,3.6027331352233887,71.0571642115609
32,1.2830960750579834,2.1881418228149414,3.9230308532714844,65.25566827661248
64,0.6775527000427246,1.4856703281402588,7.0216755867004395,36.45853426849889
128,0.6545348167419434,1.3545939922332764,13.614890813827515,18.802941830425997
