n_threads,train_time,build_time,query_time,qps
1,5.449843883514404,8.219112396240234,9.031758308410645,28.344425443892263
2,2.887855052947998,4.482670307159424,5.294226408004761,48.354562172281355
4,1.406968116760254,2.6150825023651123,3.4124698638916016,75.01897751795998
8,0.7383384704589844,1.7623043060302734,2.8933682441711426,88.4781950986456
16,0.41063714027404785,1.2481498718261719,2.7371742725372314,93.52711026422884
32,0.24520611763000488,1.0374040603637695,3.6607234477996826,69.93153229148506
64,0.16629886627197266,0.932854175567627,6.651582479476929,38.487081952283255
128,0.44562435150146484,0.950430154800415,12.923372030258179,19.80907145601114
