n_threads,train_time,build_time,query_time,qps
1,37.957520484924316,45.92699646949768,32.786585330963135,7.808071423596456
2,18.89565396308899,23.240416526794434,16.591147899627686,15.429914888875457
4,9.487345218658447,12.06826138496399,8.648651838302612,29.599989083413334
8,4.843297481536865,6.444366216659546,4.33643651008606,59.034647320345414
16,2.457777261734009,3.658273935317993,2.182403802871704,117.30184838531889
32,1.281750202178955,2.2098965644836426,1.5845067501068115,161.56447423322308
64,0.6669542789459229,1.5045340061187744,1.4028661251068115,182.4835566405231
128,0.3896820545196533,1.3431310653686523,1.7181041240692139,149.0014466606839
