n_threads,train_time,build_time,query_time,qps
1,5.496542930603027,9.158001184463501,5.7578184604644775,17.36768894098358
2,2.816218137741089,5.446615934371948,2.8856022357940674,34.65481096443694
4,1.399421215057373,3.596579074859619,1.480442762374878,67.54735984495832
8,0.7409515380859375,2.6752755641937256,0.8114752769470215,123.23234341312984
16,0.4025452136993408,2.2232537269592285,0.49459052085876465,202.18745766976804
32,0.22351980209350586,1.9841382503509521,0.4289388656616211,233.13345561669723
64,0.15991568565368652,1.905106544494629,0.4036695957183838,247.72735192512255
128,2.1164674758911133,1.8874843120574951,0.638770341873169,156.55078741876764
