n_threads,train_time,build_time,query_time,qps
1,21.816832065582275,26.717241048812866,12.285026550292969,8.139990547893056
2,11.083835363388062,13.74017333984375,6.359631299972534,15.724181997851334
4,5.628040552139282,7.3351240158081055,3.4343321323394775,29.117742881752005
8,2.87041974067688,4.075472593307495,1.9842054843902588,50.39800604660144
16,1.466822624206543,2.4238431453704834,1.393566608428955,71.75832098383553
32,0.7658450603485107,1.6062366962432861,1.5275309085845947,65.46512377458842
64,0.4447193145751953,1.2169983386993408,2.654674768447876,37.66939784434218
128,2.4576468467712402,1.134697437286377,5.297038555145264,18.87847312398081
