n_threads,train_time,build_time,query_time,qps
1,21.883004426956177,26.79684329032898,8.150413990020752,12.26931541421559
2,11.255592346191406,13.719755172729492,4.10593581199646,24.354983754939962
4,5.592276573181152,7.398049831390381,2.570207118988037,38.90737025091301
8,2.889793634414673,4.101001501083374,1.1976454257965088,83.49716689603166
16,1.4752752780914307,2.4301483631134033,0.7270519733428955,137.54174896219908
32,0.7851371765136719,1.6121914386749268,1.0062403678894043,99.37983327954795
64,0.4503810405731201,1.2494077682495117,1.347182035446167,74.2290183277878
128,0.3393385410308838,1.068016529083252,2.0924177169799805,47.79160451017953
