n_threads,train_time,build_time,query_time,qps
1,0.024251651763916016,0.0233156681060791,0.3538867473602295,723.3952723847318
2,0.015341711044311524,0.014613151550292969,0.17401123046875,1471.1694142406172
4,0.010462045669555664,0.011345338821411134,0.08236122131347656,3108.258910168824
8,0.007492351531982422,0.010791778564453125,0.04442505836486817,5762.5135322826645
16,0.005942773818969726,0.008777141571044922,0.022010326385498047,11630.904309018826
32,0.005697488784790039,0.00831432342529297,0.0130340576171875,19640.85225942402
64,0.0070455074310302734,0.008478736877441407,0.010656023025512695,24023.972112962194
128,0.006641864776611328,0.009732246398925781,0.017918729782104494,14286.726967425348
