n_threads,train_time,build_time,query_time,qps
1,0.09432010650634766,0.05586714744567871,0.6125257968902588,417.94158107248734
2,0.05060591697692871,0.031201839447021484,0.3815308094024658,670.9811991354884
4,0.026975488662719725,0.01893272399902344,0.35262155532836914,725.9907856784507
8,0.01653609275817871,0.013107109069824218,0.4934078216552734,518.840579261952
16,0.011123943328857421,0.010613822937011718,0.8909735679626465,287.3261443494726
32,0.01015458106994629,0.009103345870971679,2.2545575141906737,113.54777972559161
64,0.009061670303344727,0.008160018920898437,5.347165441513061,47.875833055870615
128,0.3299692153930664,0.01822800636291504,11.476400995254517,22.30664474915575
