n_threads,train_time,build_time,query_time,qps
1,0.05933723449707031,0.03795309066772461,0.606011152267456,422.4344701283935
2,0.03304867744445801,0.02100996971130371,0.37973771095275877,674.1495316799012
4,0.019088029861450195,0.014495038986206054,0.3501603126525879,731.0937040828804
8,0.012753105163574219,0.011445379257202149,0.4957436084747314,516.3959668338288
16,0.009286117553710938,0.008590459823608398,0.8900675773620605,287.61861066630524
32,0.008484077453613282,0.009582328796386718,2.220150852203369,115.30748000566496
64,0.012547826766967774,0.008733224868774415,5.510525703430176,46.45654766488901
128,0.3527837753295898,0.016510820388793944,11.658444261550903,21.958332883597347
