n_threads,train_time,build_time,query_time,qps
1,0.06013054847717285,0.03658833503723145,0.7716769695281982,331.7450307691804
2,0.03390059471130371,0.022215557098388673,0.4629971027374268,552.9192266785777
4,0.019000482559204102,0.014980602264404296,0.204956579208374,1249.0450464619214
8,0.01191573143005371,0.011313915252685547,0.10497107505798339,2438.7670590073694
16,0.008431196212768555,0.00927577018737793,0.0592557430267334,4320.256348561942
32,0.006805324554443359,0.007684135437011718,0.026383733749389647,9702.948128254297
64,0.006415510177612304,0.007149934768676758,0.017523193359375,14609.209334726575
128,0.10811314582824708,0.008408212661743164,0.02179398536682129,11746.360093905958
