n_threads,train_time,build_time,query_time,qps
1,0.15487408638000488,0.058539390563964844,0.24265146255493164,412.1137327880804
2,0.08169984817504883,0.03306460380554199,0.11922836303710938,838.726603743401
4,0.04275155067443848,0.020035743713378906,0.06056380271911621,1651.1512737035623
8,0.025285959243774414,0.014081239700317383,0.03224682807922363,3101.080197851434
16,0.015444517135620117,0.011515140533447266,0.01761174201965332,5678.030026127333
32,0.01200556755065918,0.00949406623840332,0.01069021224975586,9354.351219947366
64,0.03078484535217285,0.008313894271850586,0.008536338806152344,11714.624064350352
128,0.6584179401397705,0.022320985794067383,0.01150655746459961,8690.696614313538
