n_threads,train_time,build_time,query_time,qps
1,0.15722203254699707,0.06473994255065918,0.16401958465576172,609.6832900161058
2,0.08040189743041992,0.03950810432434082,0.07627534866333008,1311.0395658941868
4,0.0430300235748291,0.02598261833190918,0.0374605655670166,2669.4738449984407
8,0.024947643280029297,0.019529104232788086,0.020496368408203125,4878.91308393821
16,0.015468835830688477,0.016581296920776367,0.011591196060180664,8627.237386099512
32,0.012124061584472656,0.014998197555541992,0.007940292358398438,12593.994715349507
64,0.011912345886230469,0.013566017150878906,0.005484819412231445,18232.140838948053
128,0.44461727142333984,0.015259027481079102,0.012379884719848633,8077.619643716899
