n_threads,train_time,build_time,query_time,qps
1,0.06094818115234375,0.03644256591796875,0.6011873722076416,425.8239807332168
2,0.032927942276000974,0.019930076599121094,0.3798893928527832,673.8803578524934
4,0.018582630157470702,0.01251811981201172,0.3459915637969971,739.9024334310138
8,0.012028932571411133,0.009002447128295898,0.48257055282592776,530.4923777484285
16,0.008803939819335938,0.007352352142333984,0.8796006202697754,291.0411772123174
32,0.007457351684570313,0.006685304641723633,2.2158406257629393,115.5317747240311
64,0.022306346893310548,0.00864725112915039,5.618716669082642,45.56200553921091
128,0.29792299270629885,0.023698854446411132,11.657997846603394,21.959173725065206
