n_threads,train_time,build_time,query_time,qps
1,0.03917121887207031,0.01866292953491211,0.055206298828125,1811.387506909895
2,0.02270221710205078,0.01578354835510254,0.037824392318725586,2643.796605041381
4,0.014692306518554688,0.014667272567749023,0.020247459411621094,4938.891243935755
8,0.012851953506469727,0.01669144630432129,0.01197361946105957,8351.69351466518
16,0.009387731552124023,0.014443397521972656,0.00763392448425293,13099.422218058027
32,0.009490489959716797,0.014250516891479492,0.008394479751586914,11912.590530830186
64,0.009981632232666016,0.014731645584106445,0.008706808090209961,11485.265204414141
128,0.6571409702301025,0.027543306350708008,0.009806156158447266,10197.675662533431
