n_threads,train_time,build_time,query_time,qps
1,0.023904132843017577,0.02084627151489258,0.2154521942138672,1188.198620738498
2,0.015589761734008788,0.016513729095458986,0.15813379287719725,1618.8823106191046
4,0.01046457290649414,0.014098262786865235,0.246307373046875,1039.351753190435
8,0.008416175842285156,0.01302199363708496,0.42411208152770996,603.6140236275581
16,0.006770277023315429,0.01228923797607422,0.8417795658111572,304.1176222344062
32,0.0067536354064941405,0.011418676376342774,2.1834108352661135,117.2477464456655
64,0.010446500778198243,0.013723611831665039,5.295656538009643,48.34150367618381
128,0.2141740322113037,0.017832374572753905,11.774153804779052,21.742539145028942
