n_threads,train_time,build_time,query_time,qps
1,0.059846353530883786,0.03727068901062012,0.8852098941802978,289.19694829784453
2,0.03268985748291016,0.02249298095703125,0.4248838424682617,602.5176163744633
4,0.018843603134155274,0.015460681915283204,0.19281563758850098,1327.6931435734712
8,0.011911392211914062,0.011579561233520507,0.09234166145324707,2772.313124662737
16,0.008057546615600587,0.008672142028808593,0.04606285095214844,5557.623870609767
32,0.00698695182800293,0.007808828353881836,0.02561941146850586,9992.423140348199
64,0.006617259979248047,0.00713963508605957,0.017696189880371093,14466.39088586857
128,0.03483357429504395,0.0079498291015625,0.013194417953491211,19402.144217529734
