metric,base_time,base_index,best_time,best_index,max speedup
train_time,0.0817232131958007,QPara,0.0043968677520751,SIMDQPara,18.58668893491997
build_time,0.0475672721862793,QPara,0.0072334766387939,SIMDCPara,6.575990296446247
query_time,0.5765391826629639,QPara,0.0381488323211669,SIMDQPara,15.112891996515208
