metric,base_time,base_index,best_time,best_index,max speedup
train_time,0.0394073963165283,CPara,0.0019828796386718,SIMDQPara,19.873821662178504
build_time,0.0119824886322021,QPara,0.0009492874145507,SIMDQPara,12.622614024513787
query_time,0.1401736259460449,QPara,0.0061189651489257,SIMDQPara,22.908060845983904
