metric,base_time,base_index,best_time,best_index,max speedup
train_time,55.56577730178833,CPara,0.2586796283721924,CacheV2SIMDQPara,214.80538553209686
build_time,49.02952218055725,CPara,0.9681801795959472,SIMDCPara,50.640906738060735
query_time,122.67520952224731,QPara,4.383274078369141,CacheV2SIMDQPara,27.987118151619296
