metric,base_time,base_index,best_time,best_index,max speedup
train_time,37.95752048492432,QPara,0.1215343475341796,SIMDQPara,312.3192846717622
build_time,45.92699646949768,QPara,0.8959455490112305,SIMDQPara,51.26092374718856
query_time,32.786585330963135,QPara,1.0493645668029783,SIMDQPara,31.244227571788144
