n_threads,train_time,build_time,query_time,qps
1,31.914372444152832,47.9892680644989,23.87798833847046,4.187957485467373
2,16.214617490768433,26.18995952606201,12.417041778564453,8.053447977651977
4,8.279460430145264,15.003112554550171,7.317967891693115,13.66499573105719
8,4.89729380607605,10.151153326034546,6.599451780319214,15.152773795274708
