n_threads,train_time,build_time,query_time,qps
1,11.948183536529541,17.784785270690918,79.83002614974976,1.2526614962196585
2,6.111962795257568,9.974005699157715,46.12120318412781,2.168200157328378
4,3.380061388015747,6.297610521316528,29.567880630493164,3.3820482857628504
8,1.925727367401123,4.24707818031311,26.538060426712036,3.768172895534763
