n_threads,train_time,build_time,query_time,qps
1,11.769951105117798,17.62011456489563,80.43760514259338,1.2431996181727185
2,6.025274276733398,9.828418731689453,46.28703784942627,2.1604320484992865
4,3.1944591999053955,6.105453252792358,29.680319786071777,3.3692359354877124
8,1.8647985458374023,4.122165203094482,26.536659479141235,3.7683718283608223
