n_threads,train_time,build_time,query_time,qps
1,11.478516340255737,16.96442222595215,45.05712676048279,2.219404724397666
2,5.9552130699157715,9.599927425384521,23.600874185562134,4.2371311847920925
4,3.0635626316070557,5.851618051528931,13.165345430374146,7.595698914916971
8,1.8785405158996582,4.289034843444824,8.551857233047485,11.69336639689957
