n_threads,train_time,build_time,query_time,qps
1,17.782678604125977,17.583069324493408,117.48624277114868,2.1789785251594274
2,9.256537675857544,10.02747631072998,61.874985218048096,4.1373747257935225
4,5.0335729122161865,6.268250465393066,34.547800064086914,7.410023200467598
8,2.8990862369537354,4.482232332229614,22.032352447509766,11.619276725438128
