n_threads,train_time,build_time,query_time,qps
1,47.08397674560547,45.491556882858276,117.32175922393799,2.182033424092796
2,23.834121465682983,23.80956745147705,61.649739503860474,4.15249118747646
4,12.172133922576904,12.865806102752686,34.42294907569885,7.4368991290384585
8,6.871455192565918,8.04956865310669,22.063451290130615,11.602899140014122
