n_threads,train_time,build_time,query_time,qps
1,47.09866714477539,45.49922561645508,117.93989300727844,2.1705971870281537
2,23.805622816085815,23.781323671340942,59.73454475402832,4.285627371132449
4,12.149321556091309,12.822986841201782,31.23339605331421,8.196354938893542
8,7.111978769302368,8.085031509399414,19.083305597305298,13.414866658958134
