n_threads,train_time,build_time,query_time,qps
1,4.831035375595093,9.92845368385315,46.21947884559631,5.538790276177921
2,2.508418321609497,6.18091082572937,24.468164682388306,10.462574668882446
4,1.4170324802398682,4.402877569198608,18.05233120918274,14.180993968788897
8,0.9070842266082764,3.742973804473877,16.794453620910645,15.243127628829578
