n_threads,train_time,build_time,query_time,qps
1,4.67020845413208,7.975577354431152,11.267211437225342,8.875310502260882
2,2.372481107711792,4.900000333786011,7.280068397521973,13.736134681651963
4,1.2539846897125244,3.26893949508667,6.2748494148254395,15.936637421725587
8,0.8928773403167725,2.5053658485412598,6.0778281688690186,16.45324566959719
