n_threads,train_time,build_time,query_time,qps
1,4.8363001346588135,7.933807849884033,28.00267505645752,9.141983738477352
2,2.455976963043213,4.861678838729858,21.509460926055908,11.901739466184825
4,1.3572969436645508,3.270458936691284,18.670735836029053,13.711296772031607
8,0.8028638362884521,2.4881579875946045,17.988825798034668,14.23105670565606
