n_threads,train_time,build_time,query_time,qps
1,0.9012820720672607,2.8975043296813965,5.227432489395142,19.129850113391107
2,0.47106218338012695,1.4669315814971924,2.715965747833252,36.819315589593934
4,0.237044095993042,0.7592160701751709,1.4101629257202148,70.9137917158947
8,0.12054204940795898,0.40565013885498047,0.7350831031799316,136.03904043965255
16,0.06365323066711426,0.23353266716003418,0.5225255489349365,191.37820189621337
32,0.03706479072570801,0.19792675971984863,0.8542234897613525,117.06538300408639
64,0.022986888885498047,0.15079259872436523,0.7648744583129883,130.74040963606055
128,0.7058677673339844,0.14456963539123535,0.6577558517456055,152.03209478807668
