n_threads,train_time,build_time,query_time,qps
1,1.5017554759979248,4.849260091781616,13.57954454421997,18.85188410895301
2,0.7582688331604004,2.459629774093628,6.838831424713135,37.433295851526026
4,0.3794717788696289,1.2568535804748535,3.4646108150482178,73.88997312139291
8,0.19258475303649902,0.6750490665435791,1.7911832332611084,142.92228469217798
16,0.09921598434448242,0.362180233001709,0.9098443984985352,281.36679241248544
32,0.05346226692199707,0.21746301651000977,0.745600700378418,343.34731696211014
64,0.03011345863342285,0.1513814926147461,0.6244115829467773,409.9859883954468
128,0.2826852798461914,0.14554762840270996,1.3194894790649414,194.01443062768098
