n_threads,train_time,build_time,query_time,qps
1,1.563734769821167,4.9241578578948975,5.2305450439453125,19.118466461875965
2,0.7851963043212891,2.5211851596832275,2.857246160507202,34.99873457953954
4,0.39430809020996094,1.2953431606292725,1.764528751373291,56.67235511020853
8,0.2001357078552246,0.6908020973205566,1.5199251174926758,65.79271494964414
16,0.10439848899841309,0.38260984420776367,2.0847554206848145,47.967257457544505
32,0.055257558822631836,0.2229292392730713,4.468241930007935,22.380166867961517
64,0.03462505340576172,0.1471264362335205,10.690782070159912,9.353852631522606
128,0.617624044418335,0.16631841659545898,22.817482709884644,4.382604394685463
