n_threads,train_time,build_time,query_time,qps
1,0.22932171821594238,0.9362893104553223,1.5569138526916504,64.22962955022611
2,0.11624336242675781,0.5034220218658447,1.0801200866699219,92.5822982408431
4,0.05950593948364258,0.32099437713623047,0.9542880058288574,104.79016752719625
8,0.03150606155395508,0.2234189510345459,1.2683000564575195,78.84569545735836
16,0.018875598907470703,0.1687636375427246,2.056886911392212,48.617159964479825
32,0.01442861557006836,0.14229679107666016,4.631128549575806,21.59300890258372
64,0.028422117233276367,0.07896113395690918,10.831129312515259,9.232647595154369
128,0.24567937850952148,0.09893631935119629,23.03793954849243,4.340665960578226
