n_threads,train_time,build_time,query_time,qps
1,0.8962607383728027,2.9282782077789307,5.22599720954895,19.13510397925201
2,0.47098278999328613,1.469031810760498,2.8221006393432617,35.434597408004294
4,0.23676419258117676,0.7716987133026123,1.7985341548919678,55.60083456185834
8,0.12100434303283691,0.4236462116241455,1.5409998893737793,64.89293132956504
16,0.06383824348449707,0.25610923767089844,2.1328659057617188,46.8852728762086
32,0.03826546669006348,0.15401124954223633,4.624203443527222,21.625346120957563
64,0.0396273136138916,0.1128852367401123,11.306260108947754,8.844657653051886
128,0.8327641487121582,0.13176178932189941,23.00241756439209,4.347369128486769
