n_threads,train_time,build_time,query_time,qps
1,0.22814702987670898,0.883124589920044,3.832612991333008,66.79516052857754
2,0.11332821846008301,0.4952573776245117,1.964911699295044,130.28575283655022
4,0.058501482009887695,0.29746079444885254,1.0881712436676025,235.2570898098451
8,0.0319056510925293,0.20163822174072266,0.8235859870910645,310.83578887032945
16,0.018489599227905273,0.1585099697113037,0.5498387813568115,465.5910217323717
32,0.013182401657104492,0.1301581859588623,0.5106189250946045,501.3523538176142
64,0.012207508087158203,0.13387441635131836,0.43589043617248535,587.3035486805192
128,0.012848138809204102,0.13902950286865234,1.2515418529510498,204.54769402746666
