n_threads,train_time,build_time,query_time,qps
1,0.9280574321746826,2.944934129714966,5.388132333755493,18.55930660305454
2,0.47063565254211426,1.4756062030792236,2.6624836921691895,37.5589154946251
4,0.24045944213867188,0.7705647945404053,1.3434290885925293,74.43638138337992
8,0.12141704559326172,0.41974568367004395,0.7010033130645752,142.6526781490235
16,0.06692290306091309,0.25128769874572754,0.5018441677093506,199.26504368167983
32,0.03762412071228027,0.16216373443603516,0.408552885055542,244.7663537767092
64,0.026401281356811523,0.12694454193115234,0.45426106452941895,220.13773094023068
128,0.02478623390197754,0.11965036392211914,0.8455507755279541,118.26610878283557
