n_threads,train_time,build_time,query_time,qps
1,0.22233128547668457,1.000178337097168,7.249737024307251,35.311625668858255
2,0.11359167098999023,0.5214991569519043,3.5216829776763916,72.69251707855571
4,0.058707237243652344,0.30892181396484375,1.7493774890899658,146.3377696332267
8,0.03212571144104004,0.2007606029510498,0.927227258682251,276.09196947447373
16,0.01876997947692871,0.1496427059173584,0.626068115234375,408.90119424811115
32,0.012807369232177734,0.12764811515808105,0.5813202857971191,440.3768563640733
64,0.012362957000732422,0.12140774726867676,0.5365955829620361,477.0818249879479
128,0.012791156768798828,0.11191487312316895,1.3678181171417236,187.15938675746835
