n_threads,train_time,build_time,query_time,qps
1,1.515477180480957,5.010783433914185,8.060334205627441,31.76046966157679
2,0.7566452026367188,2.517421007156372,3.8655359745025635,66.2262624610403
4,0.37943267822265625,1.3119139671325684,1.9294793605804443,132.6782785191274
8,0.19271302223205566,0.6919891834259033,0.9999685287475586,256.00805689418553
16,0.09959840774536133,0.3935225009918213,0.6790013313293457,377.02429757951194
32,0.053078651428222656,0.2389054298400879,0.614800214767456,416.39543033801675
64,0.03326296806335449,0.17352008819580078,0.612642765045166,417.86178602978663
128,0.7928187847137451,0.19381475448608398,1.429905652999878,179.0327910536779
