n_threads,train_time,build_time,query_time,qps
1,0.03936247825622559,0.011982488632202148,0.14017362594604493,1826.3064700811726
2,0.019854974746704102,0.006180906295776367,0.07094893455505372,3608.2289551699128
4,0.010448265075683593,0.003339815139770508,0.03653249740600586,7007.459609315245
8,0.006268215179443359,0.002121734619140625,0.021073389053344726,12148.022292568465
