n_threads,train_time,build_time,query_time,qps
1,0.012235164642333984,0.008082866668701172,0.02627396583557129,3806.0489469242566
2,0.00601506233215332,0.004126787185668945,0.013263702392578125,7539.373022720736
4,0.0031197071075439453,0.002333402633666992,0.008232593536376953,12146.8404286128
8,0.0020494461059570312,0.0014116764068603516,0.0047376155853271484,21107.664435609684
