n_threads,train_time,build_time,query_time,qps
1,0.0046732425689697266,0.004410266876220703,0.013871908187866211,7208.813570974339
2,0.00247955322265625,0.0023200511932373047,0.018630504608154297,5367.541143047273
4,0.0014519691467285156,0.0014760494232177734,0.02771162986755371,3608.5932324422915
8,0.0012907981872558594,0.0010330677032470703,0.11226153373718262,890.7770691438413
