n_threads,train_time,build_time,query_time,qps
1,0.011417865753173828,0.00718235969543457,0.025587081909179688,3908.222139396198
2,0.005974531173706055,0.0040700435638427734,0.01296091079711914,7715.507155733784
4,0.0034339427947998047,0.0026640892028808594,0.007367134094238281,13573.79935275081
8,0.002027750015258789,0.0013616085052490234,0.004731416702270508,21135.318720080624
