n_threads,train_time,build_time,query_time,qps
1,0.02461972236633301,0.007131147384643555,0.11173934936523437,2291.0460948115174
2,0.01369028091430664,0.004147529602050781,0.09336690902709961,2741.8707834238826
4,0.007395648956298828,0.002473258972167969,0.09515495300292968,2690.3486568073668
8,0.004181337356567383,0.0015286445617675782,0.2944361209869385,869.4585404192186
