n_threads,train_time,build_time,query_time,qps
1,0.004579782485961914,0.004865884780883789,0.02206587791442871,4531.884042311806
2,0.0024814605712890625,0.0030105113983154297,0.011507511138916016,8689.976380889238
4,0.0018651485443115234,0.002304553985595703,0.006330728530883789,15795.970323503936
8,0.0012502670288085938,0.0017006397247314453,0.003253459930419922,30736.508867067274
