n_threads,train_time,build_time,query_time,qps
1,0.03940739631652832,0.011969470977783203,0.1101900577545166,2323.2586062376104
2,0.021340084075927735,0.006490135192871093,0.09205489158630371,2780.9494486232024
4,0.011375761032104493,0.003549623489379883,0.09450597763061523,2708.8233614237406
8,0.006383419036865234,0.002180814743041992,0.288160514831543,888.3937487051485
