n_threads,train_time,build_time,query_time,qps
1,0.038978290557861325,0.012427234649658203,0.07827768325805665,3270.408491217725
2,0.019846630096435548,0.006540107727050781,0.03983983993530273,6425.728627818964
4,0.01047220230102539,0.0035701274871826174,0.02062087059020996,12414.606787821049
8,0.006320810317993164,0.002357959747314453,0.01184067726135254,21620.384911222347
