n_threads,train_time,build_time,query_time,qps
1,0.005026102066040039,0.004285335540771484,0.016936302185058594,5904.476603412354
2,0.026983976364135742,0.002376079559326172,0.008236885070800781,12140.51175176566
4,0.0015218257904052734,0.001760244369506836,0.005158185958862305,19386.660503813266
8,0.0012087821960449219,0.0011408329010009766,0.0024657249450683594,40556.02397988784
