n_threads,train_time,build_time,query_time,qps
1,0.011495590209960938,0.007386207580566406,0.04512333869934082,2216.148070653753
2,0.00606083869934082,0.004323005676269531,0.03493165969848633,2862.73257163138
4,0.0033295154571533203,0.0024335384368896484,0.035744428634643555,2797.6387879111276
8,0.002119302749633789,0.0016589164733886719,0.12147688865661621,823.2018543269919
